{
    "CatmullRomKeyframes": {
        "0": {
            "x": 0.0,
            "y": 0.0,
            "z": 0.0
        },
        "1": {
            "x": 0.0,
            "y": 2.0999999046325684,
            "z": 0.10000000149011612
        },
        "10": {
            "x": 0.0,
            "y": 8.600000381469727,
            "z": 0.5
        },
        "11": {
            "x": 0.0,
            "y": 6.400000095367432,
            "z": 0.5
        },
        "12": {
            "x": 0.0,
            "y": 4.199999809265137,
            "z": 0.5
        },
        "13": {
            "x": 0.0,
            "y": 2.0999999046325684,
            "z": 0.5
        },
        "14": {
            "x": 0.0,
            "y": 0.0,
            "z": 0.5
        },
        "2": {
            "x": 0.0,
            "y": 4.199999809265137,
            "z": 0.20000000298023224
        },
        "3": {
            "x": 0.0,
            "y": 6.400000095367432,
            "z": 0.30000001192092896
        },
        "4": {
            "x": 0.0,
            "y": 8.600000381469727,
            "z": 0.4000000059604645
        },
        "5": {
            "x": 0.0,
            "y": 10.600000381469727,
            "z": 0.5
        },
        "6": {
            "x": 0.0,
            "y": 11.0,
            "z": 0.5
        },
        "7": {
            "x": 0.0,
            "y": 11.0,
            "z": 0.5
        },
        "8": {
            "x": 0.0,
            "y": 11.0,
            "z": 0.5
        },
        "9": {
            "x": 0.0,
            "y": 10.600000381469727,
            "z": 0.5
        }
    }
}