{
    "Material": {
        "color": {
            "a": 1.0,
            "b": 0.7372549176216125,
            "g": 0.9254902005195618,
            "r": 0.9764705896377563
        },
        "emissionColor": {
            "x": 0.12156862765550613,
            "y": 0.8196078538894653,
            "z": 0.6196078658103943
        },
        "emissiveIntensity": 4.659999847412109,
        "enableBlinnPhongReflection": 0,
        "enableHalfLambert": 1,
        "enableImageBasedLighting": 0,
        "enableLighting": 1,
        "environmentCoefficient": 0.25,
        "phongRefShininess": 1.0,
        "shadowRate": 0.25,
        "specularColor": {
            "x": 1.0,
            "y": 1.0,
            "z": 1.0
        },
        "uvRotate": {
            "x": 0.0,
            "y": 0.0,
            "z": 0.0
        },
        "uvScale": {
            "x": 1.0,
            "y": 1.0,
            "z": 1.0
        },
        "uvTranslate": {
            "x": 0.0,
            "y": 0.0,
            "z": 0.0
        }
    }
}